Workbook

Sheet Grades
A1: Year | B1: Term | C1: STT | D1: ClassCode | E1: CourseName | F1: Credits | G1: Total10 (Current) | H1: Total4 (Current) | I1: Letter | J1: Note | K1: Pass | L1: Total10 (Edit) | M1: Total4 (Calc) | N1: IncludeInGPA
A2: 2024-2025 | B2: 1 | C2: 1 | D2: 010100043606 | E2: Vẽ kỹ thuật | F2: 2 | G2: 10 | K2: TRUE | L2: 10 | M2: =IF(L2="","",LOOKUP(L2,Lookup!$A$2:$A$10,Lookup!$B$2:$B$10)) | N2: =AND(F2>0,ISNUMBER(M2))
A3: 2024-2025 | B3: 1 | C3: 2 | D3: 010100057911 | E3: Hóa học | F3: 2 | G3: 10 | K3: TRUE | L3: 10 | M3: =IF(L3="","",LOOKUP(L3,Lookup!$A$2:$A$10,Lookup!$B$2:$B$10)) | N3: =AND(F3>0,ISNUMBER(M3))
A4: 2024-2025 | B4: 1 | C4: 3 | D4: 010100058538 | E4: Pháp luật đại cương | F4: 2 | G4: 10 | K4: TRUE | L4: 10 | M4: =IF(L4="","",LOOKUP(L4,Lookup!$A$2:$A$10,Lookup!$B$2:$B$10)) | N4: =AND(F4>0,ISNUMBER(M4))
A5: 2024-2025 | B5: 1 | C5: 4 | D5: 010100073948 | E5: Giáo dục thể chất 3 | F5: 1 | G5: 10 | K5: TRUE | L5: 10 | M5: =IF(L5="","",LOOKUP(L5,Lookup!$A$2:$A$10,Lookup!$B$2:$B$10)) | N5: =AND(F5>0,ISNUMBER(M5))
A6: 2024-2025 | B6: 1 | C6: 5 | D6: 010100105305 | E6: Đại số tuyến tính | F6: 2 | G6: 10 | K6: TRUE | L6: 10 | M6: =IF(L6="","",LOOKUP(L6,Lookup!$A$2:$A$10,Lookup!$B$2:$B$10)) | N6: =AND(F6>0,ISNUMBER(M6))
A7: 2024-2025 | B7: 1 | C7: 6 | D7: 010100110246 | E7: Xác suất thống kê | F7: 3 | G7: 10 | K7: TRUE | L7: 10 | M7: =IF(L7="","",LOOKUP(L7,Lookup!$A$2:$A$10,Lookup!$B$2:$B$10)) | N7: =AND(F7>0,ISNUMBER(M7))
A8: 2024-2025 | B8: 1 | C8: 7 | D8: 010100155204 | E8: Lý thuyết mạch điện | F8: 4 | G8: 10 | K8: TRUE | L8: 10 | M8: =IF(L8="","",LOOKUP(L8,Lookup!$A$2:$A$10,Lookup!$B$2:$B$10)) | N8: =AND(F8>0,ISNUMBER(M8))
A9: 2024-2025 | B9: 1 | C9: 8 | D9: 0101000502 | E9: Điểm test tiếng anh đầu vào TOEIC | F9: 1 | K9: TRUE | M9: =IF(L9="","",LOOKUP(L9,Lookup!$A$2:$A$10,Lookup!$B$2:$B$10)) | N9: =AND(F9>0,ISNUMBER(M9))
A10: 2024-2025 | B10: 1 | C10: 8 | D10: Điểm trung bình học kỳ hệ 4: 3,53 | K10: TRUE | M10: =IF(L10="","",LOOKUP(L10,Lookup!$A$2:$A$10,Lookup!$B$2:$B$10)) | N10: =AND(F10>0,ISNUMBER(M10))
A11: 2024-2025 | B11: 1 | C11: 8 | D11: Điểm trung bình tích lũy (hệ 4): 3,53 | K11: TRUE | M11: =IF(L11="","",LOOKUP(L11,Lookup!$A$2:$A$10,Lookup!$B$2:$B$10)) | N11: =AND(F11>0,ISNUMBER(M11))
A12: 2024-2025 | B12: 1 | C12: 15 | D12: Tổng số tín chỉ tích lũy: 15 | K12: TRUE | M12: =IF(L12="","",LOOKUP(L12,Lookup!$A$2:$A$10,Lookup!$B$2:$B$10)) | N12: =AND(F12>0,ISNUMBER(M12))
A13: 2024-2025 | B13: 1 | C13: 0 | D13: Xếp loại học lực tích lũy: Giỏi | K13: TRUE | M13: =IF(L13="","",LOOKUP(L13,Lookup!$A$2:$A$10,Lookup!$B$2:$B$10)) | N13: =AND(F13>0,ISNUMBER(M13))
A14: 2024-2025 | B14: 1 | D14: Xử lý học vụ: Học tiếp | K14: TRUE | M14: =IF(L14="","",LOOKUP(L14,Lookup!$A$2:$A$10,Lookup!$B$2:$B$10)) | N14: =AND(F14>0,ISNUMBER(M14))
A15: 2024-2025 | B15: 2 | C15: 9 | D15: 010100059115 | E15: Vật lý | F15: 4 | G15: 10 | K15: TRUE | L15: 10 | M15: =IF(L15="","",LOOKUP(L15,Lookup!$A$2:$A$10,Lookup!$B$2:$B$10)) | N15: =AND(F15>0,ISNUMBER(M15))
A16: 2024-2025 | B16: 2 | C16: 10 | D16: 010100110303 | E16: Toán giải tích | F16: 3 | G16: 10 | K16: TRUE | L16: 10 | M16: =IF(L16="","",LOOKUP(L16,Lookup!$A$2:$A$10,Lookup!$B$2:$B$10)) | N16: =AND(F16>0,ISNUMBER(M16))
A17: 2024-2025 | B17: 2 | C17: 11 | D17: 010100121905 | E17: Kỹ thuật Vật liệu-khí cụ điện | F17: 3 | G17: 10 | K17: TRUE | L17: 10 | M17: =IF(L17="","",LOOKUP(L17,Lookup!$A$2:$A$10,Lookup!$B$2:$B$10)) | N17: =AND(F17>0,ISNUMBER(M17))
A18: 2024-2025 | B18: 2 | C18: 12 | D18: 010100153525 | E18: Triết học Mac - Lênin | F18: 3 | G18: 8 | K18: TRUE | L18: 8 | M18: =IF(L18="","",LOOKUP(L18,Lookup!$A$2:$A$10,Lookup!$B$2:$B$10)) | N18: =AND(F18>0,ISNUMBER(M18))
A19: 2024-2025 | B19: 2 | C19: 13 | D19: 010100194266 | E19: Tiếng Anh 1 | F19: 4 | G19: 10 | K19: TRUE | L19: 10 | M19: =IF(L19="","",LOOKUP(L19,Lookup!$A$2:$A$10,Lookup!$B$2:$B$10)) | N19: =AND(F19>0,ISNUMBER(M19))
A20: 2024-2025 | B20: 2 | C20: 14 | D20: 010100195602 | E20: Kỹ thuật điện tử (tương tự - số) | F20: 3 | G20: 10 | K20: TRUE | L20: 10 | M20: =IF(L20="","",LOOKUP(L20,Lookup!$A$2:$A$10,Lookup!$B$2:$B$10)) | N20: =AND(F20>0,ISNUMBER(M20))
A21: 2024-2025 | B21: 2 | C21: 15 | D21: 010100215156 | E21: Kỹ năng nhận thức bản thân | F21: 1 | K21: TRUE | M21: =IF(L21="","",LOOKUP(L21,Lookup!$A$2:$A$10,Lookup!$B$2:$B$10)) | N21: =AND(F21>0,ISNUMBER(M21))
A22: 2024-2025 | B22: 2 | C22: 8 | D22: Điểm trung bình học kỳ hệ 4: 3,12 | K22: TRUE | M22: =IF(L22="","",LOOKUP(L22,Lookup!$A$2:$A$10,Lookup!$B$2:$B$10)) | N22: =AND(F22>0,ISNUMBER(M22))
A23: 2024-2025 | B23: 2 | C23: 8 | D23: Điểm trung bình tích lũy (hệ 4): 3,29 | K23: TRUE | M23: =IF(L23="","",LOOKUP(L23,Lookup!$A$2:$A$10,Lookup!$B$2:$B$10)) | N23: =AND(F23>0,ISNUMBER(M23))
A24: 2024-2025 | B24: 2 | C24: 36 | D24: Tổng số tín chỉ tích lũy: 36 | K24: TRUE | M24: =IF(L24="","",LOOKUP(L24,Lookup!$A$2:$A$10,Lookup!$B$2:$B$10)) | N24: =AND(F24>0,ISNUMBER(M24))
A25: 2024-2025 | B25: 2 | C25: 0 | D25: Xếp loại học lực tích lũy: Giỏi | K25: TRUE | M25: =IF(L25="","",LOOKUP(L25,Lookup!$A$2:$A$10,Lookup!$B$2:$B$10)) | N25: =AND(F25>0,ISNUMBER(M25))
A26: 2024-2025 | B26: 2 | D26: Xử lý học vụ: Học tiếp | K26: TRUE | M26: =IF(L26="","",LOOKUP(L26,Lookup!$A$2:$A$10,Lookup!$B$2:$B$10)) | N26: =AND(F26>0,ISNUMBER(M26))
A27: 2025-2026 | B27: 1 | C27: 16 | D27: 010100065604 | E27: Điện tử công suất và ứng dụng | F27: 4 | G27: 10 | K27: TRUE | L27: 10 | M27: =IF(L27="","",LOOKUP(L27,Lookup!$A$2:$A$10,Lookup!$B$2:$B$10)) | N27: =AND(F27>0,ISNUMBER(M27))
A28: 2025-2026 | B28: 1 | C28: 17 | D28: 010100070602 | E28: Máy điện | F28: 3 | G28: 10 | K28: TRUE | L28: 10 | M28: =IF(L28="","",LOOKUP(L28,Lookup!$A$2:$A$10,Lookup!$B$2:$B$10)) | N28: =AND(F28>0,ISNUMBER(M28))
A29: 2025-2026 | B29: 1 | C29: 18 | D29: 010100104905 | E29: Kỹ thuật lập trình và giao tiếp | F29: 2 | G29: 10 | K29: TRUE | L29: 10 | M29: =IF(L29="","",LOOKUP(L29,Lookup!$A$2:$A$10,Lookup!$B$2:$B$10)) | N29: =AND(F29>0,ISNUMBER(M29))
A30: 2025-2026 | B30: 1 | C30: 19 | D30: 010100108802 | E30: Lý thuyết điều khiển tự động | F30: 3 | G30: 10 | K30: TRUE | L30: 10 | M30: =IF(L30="","",LOOKUP(L30,Lookup!$A$2:$A$10,Lookup!$B$2:$B$10)) | N30: =AND(F30>0,ISNUMBER(M30))
A31: 2025-2026 | B31: 1 | C31: 20 | D31: 010100118604 | E31: Kỹ thuật vi xử lý | F31: 2 | G31: 10 | K31: TRUE | L31: 10 | M31: =IF(L31="","",LOOKUP(L31,Lookup!$A$2:$A$10,Lookup!$B$2:$B$10)) | N31: =AND(F31>0,ISNUMBER(M31))
A32: 2025-2026 | B32: 1 | C32: 21 | D32: 010100121804 | E32: Kỹ thuật đo lường và cảm biến | F32: 3 | G32: 10 | K32: TRUE | L32: 10 | M32: =IF(L32="","",LOOKUP(L32,Lookup!$A$2:$A$10,Lookup!$B$2:$B$10)) | N32: =AND(F32>0,ISNUMBER(M32))
A33: 2025-2026 | B33: 1 | C33: 22 | D33: 010100194351 | E33: Tiếng Anh 2 | F33: 4 | G33: 10 | K33: TRUE | L33: 10 | M33: =IF(L33="","",LOOKUP(L33,Lookup!$A$2:$A$10,Lookup!$B$2:$B$10)) | N33: =AND(F33>0,ISNUMBER(M33))
A34: 2025-2026 | B34: 1 | C34: 7 | D34: Điểm trung bình học kỳ hệ 4: 2,95 | K34: TRUE | M34: =IF(L34="","",LOOKUP(L34,Lookup!$A$2:$A$10,Lookup!$B$2:$B$10)) | N34: =AND(F34>0,ISNUMBER(M34))
A35: 2025-2026 | B35: 1 | C35: 8 | D35: Điểm trung bình tích lũy (hệ 4): 3,31 | K35: TRUE | M35: =IF(L35="","",LOOKUP(L35,Lookup!$A$2:$A$10,Lookup!$B$2:$B$10)) | N35: =AND(F35>0,ISNUMBER(M35))
A36: 2025-2026 | B36: 1 | C36: 57 | D36: Tổng số tín chỉ tích lũy: 54 | K36: TRUE | M36: =IF(L36="","",LOOKUP(L36,Lookup!$A$2:$A$10,Lookup!$B$2:$B$10)) | N36: =AND(F36>0,ISNUMBER(M36))
A37: 2025-2026 | B37: 1 | C37: 3 | D37: Xếp loại học lực tích lũy: Giỏi | K37: TRUE | M37: =IF(L37="","",LOOKUP(L37,Lookup!$A$2:$A$10,Lookup!$B$2:$B$10)) | N37: =AND(F37>0,ISNUMBER(M37))
A38: 2025-2026 | B38: 1 | D38: Xử lý học vụ: Học tiếp | K38: TRUE | M38: =IF(L38="","",LOOKUP(L38,Lookup!$A$2:$A$10,Lookup!$B$2:$B$10)) | N38: =AND(F38>0,ISNUMBER(M38))

Sheet GPA
A1: Year | B1: Term | C1: Credits(GPA) | D1: GPA4 Current | E1: GPA10 Current | F1: GPA4 Predicted | G1: GPA10 Predicted | H1: Passed Credits Current | I1: Debt Credits Current | J1: Passed Credits Predicted | K1: Debt Credits Predicted | L1: Web GPA10 | M1: Web GPA4
A2: 2024-2025 | B2: 1 | C2: =SUMIFS(Grades!$F$2:$F$38,Grades!$A$2:$A$38,A2,Grades!$B$2:$B$38,B2,Grades!$N$2:$N$38,TRUE) | D2: =IF(C2=0,"",SUMPRODUCT((Grades!$A$2:$A$38=A2)*(Grades!$B$2:$B$38=B2)*(Grades!$N$2:$N$38=TRUE)*(Grades!$F$2:$F$38)*(Grades!$H$2:$H$38))/C2) | E2: =IF(C2=0,"",SUMPRODUCT((Grades!$A$2:$A$38=A2)*(Grades!$B$2:$B$38=B2)*(Grades!$N$2:$N$38=TRUE)*(Grades!$F$2:$F$38)*(Grades!$G$2:$G$38))/C2) | F2: =IF(C2=0,"",SUMPRODUCT((Grades!$A$2:$A$38=A2)*(Grades!$B$2:$B$38=B2)*(Grades!$N$2:$N$38=TRUE)*(Grades!$F$2:$F$38)*(Grades!$M$2:$M$38))/C2) | G2: =IF(C2=0,"",SUMPRODUCT((Grades!$A$2:$A$38=A2)*(Grades!$B$2:$B$38=B2)*(Grades!$N$2:$N$38=TRUE)*(Grades!$F$2:$F$38)*(Grades!$L$2:$L$38))/C2) | H2: =SUMPRODUCT((Grades!$A$2:$A$38=A2)*(Grades!$B$2:$B$38=B2)*(Grades!$F$2:$F$38>0)*(Grades!$K$2:$K$38=TRUE)*(Grades!$F$2:$F$38)) | I2: =SUMPRODUCT((Grades!$A$2:$A$38=A2)*(Grades!$B$2:$B$38=B2)*(Grades!$F$2:$F$38>0)*(Grades!$K$2:$K$38=FALSE)*(Grades!$F$2:$F$38)) | J2: =SUMPRODUCT((Grades!$A$2:$A$38=A2)*(Grades!$B$2:$B$38=B2)*(Grades!$N$2:$N$38=TRUE)*(Grades!$F$2:$F$38>0)*(Grades!$M$2:$M$38>=1)*(Grades!$F$2:$F$38)) | K2: =SUMPRODUCT((Grades!$A$2:$A$38=A2)*(Grades!$B$2:$B$38=B2)*(Grades!$N$2:$N$38=TRUE)*(Grades!$F$2:$F$38>0)*(Grades!$M$2:$M$38<1)*(Grades!$F$2:$F$38))
A3: 2024-2025 | B3: 2 | C3: =SUMIFS(Grades!$F$2:$F$38,Grades!$A$2:$A$38,A3,Grades!$B$2:$B$38,B3,Grades!$N$2:$N$38,TRUE) | D3: =IF(C3=0,"",SUMPRODUCT((Grades!$A$2:$A$38=A3)*(Grades!$B$2:$B$38=B3)*(Grades!$N$2:$N$38=TRUE)*(Grades!$F$2:$F$38)*(Grades!$H$2:$H$38))/C3) | E3: =IF(C3=0,"",SUMPRODUCT((Grades!$A$2:$A$38=A3)*(Grades!$B$2:$B$38=B3)*(Grades!$N$2:$N$38=TRUE)*(Grades!$F$2:$F$38)*(Grades!$G$2:$G$38))/C3) | F3: =IF(C3=0,"",SUMPRODUCT((Grades!$A$2:$A$38=A3)*(Grades!$B$2:$B$38=B3)*(Grades!$N$2:$N$38=TRUE)*(Grades!$F$2:$F$38)*(Grades!$M$2:$M$38))/C3) | G3: =IF(C3=0,"",SUMPRODUCT((Grades!$A$2:$A$38=A3)*(Grades!$B$2:$B$38=B3)*(Grades!$N$2:$N$38=TRUE)*(Grades!$F$2:$F$38)*(Grades!$L$2:$L$38))/C3) | H3: =SUMPRODUCT((Grades!$A$2:$A$38=A3)*(Grades!$B$2:$B$38=B3)*(Grades!$F$2:$F$38>0)*(Grades!$K$2:$K$38=TRUE)*(Grades!$F$2:$F$38)) | I3: =SUMPRODUCT((Grades!$A$2:$A$38=A3)*(Grades!$B$2:$B$38=B3)*(Grades!$F$2:$F$38>0)*(Grades!$K$2:$K$38=FALSE)*(Grades!$F$2:$F$38)) | J3: =SUMPRODUCT((Grades!$A$2:$A$38=A3)*(Grades!$B$2:$B$38=B3)*(Grades!$N$2:$N$38=TRUE)*(Grades!$F$2:$F$38>0)*(Grades!$M$2:$M$38>=1)*(Grades!$F$2:$F$38)) | K3: =SUMPRODUCT((Grades!$A$2:$A$38=A3)*(Grades!$B$2:$B$38=B3)*(Grades!$N$2:$N$38=TRUE)*(Grades!$F$2:$F$38>0)*(Grades!$M$2:$M$38<1)*(Grades!$F$2:$F$38))
A4: 2025-2026 | B4: 1 | C4: =SUMIFS(Grades!$F$2:$F$38,Grades!$A$2:$A$38,A4,Grades!$B$2:$B$38,B4,Grades!$N$2:$N$38,TRUE) | D4: =IF(C4=0,"",SUMPRODUCT((Grades!$A$2:$A$38=A4)*(Grades!$B$2:$B$38=B4)*(Grades!$N$2:$N$38=TRUE)*(Grades!$F$2:$F$38)*(Grades!$H$2:$H$38))/C4) | E4: =IF(C4=0,"",SUMPRODUCT((Grades!$A$2:$A$38=A4)*(Grades!$B$2:$B$38=B4)*(Grades!$N$2:$N$38=TRUE)*(Grades!$F$2:$F$38)*(Grades!$G$2:$G$38))/C4) | F4: =IF(C4=0,"",SUMPRODUCT((Grades!$A$2:$A$38=A4)*(Grades!$B$2:$B$38=B4)*(Grades!$N$2:$N$38=TRUE)*(Grades!$F$2:$F$38)*(Grades!$M$2:$M$38))/C4) | G4: =IF(C4=0,"",SUMPRODUCT((Grades!$A$2:$A$38=A4)*(Grades!$B$2:$B$38=B4)*(Grades!$N$2:$N$38=TRUE)*(Grades!$F$2:$F$38)*(Grades!$L$2:$L$38))/C4) | H4: =SUMPRODUCT((Grades!$A$2:$A$38=A4)*(Grades!$B$2:$B$38=B4)*(Grades!$F$2:$F$38>0)*(Grades!$K$2:$K$38=TRUE)*(Grades!$F$2:$F$38)) | I4: =SUMPRODUCT((Grades!$A$2:$A$38=A4)*(Grades!$B$2:$B$38=B4)*(Grades!$F$2:$F$38>0)*(Grades!$K$2:$K$38=FALSE)*(Grades!$F$2:$F$38)) | J4: =SUMPRODUCT((Grades!$A$2:$A$38=A4)*(Grades!$B$2:$B$38=B4)*(Grades!$N$2:$N$38=TRUE)*(Grades!$F$2:$F$38>0)*(Grades!$M$2:$M$38>=1)*(Grades!$F$2:$F$38)) | K4: =SUMPRODUCT((Grades!$A$2:$A$38=A4)*(Grades!$B$2:$B$38=B4)*(Grades!$N$2:$N$38=TRUE)*(Grades!$F$2:$F$38>0)*(Grades!$M$2:$M$38<1)*(Grades!$F$2:$F$38))
A6: Tổng hợp tích lũy
A7: Chỉ số | B7: Current | C7: Predicted | D7: Web
A8: Tổng tín chỉ tính GPA | B8: =SUMIF(Grades!$N$2:$N$38,TRUE,Grades!$F$2:$F$38) | C8: =SUMIF(Grades!$N$2:$N$38,TRUE,Grades!$F$2:$F$38)
A9: GPA hệ 4 | B9: =IF(B8=0,"",SUMPRODUCT((Grades!$N$2:$N$38=TRUE)*(Grades!$F$2:$F$38)*(Grades!$H$2:$H$38))/B8) | C9: =IF(C8=0,"",SUMPRODUCT((Grades!$N$2:$N$38=TRUE)*(Grades!$F$2:$F$38)*(Grades!$M$2:$M$38))/C8)
A10: GPA hệ 10 | B10: =IF(B8=0,"",SUMPRODUCT((Grades!$N$2:$N$38=TRUE)*(Grades!$F$2:$F$38)*(Grades!$G$2:$G$38))/B8) | C10: =IF(C8=0,"",SUMPRODUCT((Grades!$N$2:$N$38=TRUE)*(Grades!$F$2:$F$38)*(Grades!$L$2:$L$38))/C8)
A11: Tổng tín chỉ đạt | B11: =SUMPRODUCT((Grades!$F$2:$F$38>0)*(Grades!$K$2:$K$38=TRUE)*(Grades!$F$2:$F$38)) | C11: =SUMPRODUCT((Grades!$N$2:$N$38=TRUE)*(Grades!$F$2:$F$38>0)*(Grades!$M$2:$M$38>=1)*(Grades!$F$2:$F$38))
A12: Số tín chỉ nợ | B12: =SUMPRODUCT((Grades!$F$2:$F$38>0)*(Grades!$K$2:$K$38=FALSE)*(Grades!$F$2:$F$38)) | C12: =SUMPRODUCT((Grades!$N$2:$N$38=TRUE)*(Grades!$F$2:$F$38>0)*(Grades!$M$2:$M$38<1)*(Grades!$F$2:$F$38))

Sheet Lookup
A1: Threshold10 | B1: Point4
A2: 0 | B2: 0
A3: 3 | B3: 0.5
A4: 4 | B4: 1
A5: 5 | B5: 1.5
A6: 5.5 | B6: 2
A7: 6.5 | B7: 2.5
A8: 7 | B8: 3
A9: 8 | B9: 3.5
A10: 8.5 | B10: 4
